[{"date": "2021-03-12T23:55:04Z", "title": "J.Lo and Alex Rodriguez reportedly split after four years", "content": "LOS ANGELES\u2014 Singer Jennifer Lopez and former New York Yankees baseball star Alex Rodriguez were reported on Friday to have split up after almost four years together.\r\nCelebrity website TMZ, the New \u2026 [+1694 chars]", "author": "Reuters"}, {"date": "2021-03-12T21:22:19Z", "title": "Day 96: Liofer, hinarap ang hamon ng PBB Real Talk | PBB Connect | ABS-CBN Entertainment", "content": "Watch your favorite TV programs on\u00a0Kapamilya Channel\r\n\u00a0on SKY, Cablelink, G Sat, and most cable operators under PCTA nationwide.\u00a0\r\nOn-demand viewing of programs' full episodes is available on\u00a0iWantTF\u2026 [+563 chars]", "author": "Entertainment.abs-cbn.com"}, {"date": "2021-03-12T14:40:03Z", "title": "Businessmen eye buying Covaxin COVID-19 jabs for private sector, help augment PH vaccine supply", "content": "MANILA\u2014A group of local businessmen is interested in ordering Covaxin, the COVID-19 vaccine made by India\u2019s Bharat Biotech, in a bid to augment the country\u2019s limited supply and to vaccinate some of t\u2026 [+2351 chars]", "author": "Abs-cbn News"}, {"date": "2021-03-12T13:09:52Z", "title": "WATCH: Netflix introduces AC Bonifacio as 'new vixen' in \u2018Riverdale\u2019", "content": "MANILA \u2014 Netflix finally released on Friday the official preview of Kapamilya star AC Bonifacio\u2019s guest appearance in the hit US series \u201cRiverdale.\u201d\r\n\u201cThere\u2019s a new vixen in town. Three cheers for AC\u2026 [+548 chars]", "author": "Abs-cbn News"}, {"date": "2021-03-12T09:45:05Z", "title": "'Not legitimate,' Pacquiao says of PDP-Laban members' push for Duterte vice-presidential bid", "content": "MANILA - PDP-Laban president Sen. Manny Pacquiao on Friday said a supposed party resolution urging President Rodrigo Duterte to run as vice president in the 2022 national elections is illegitimate.\r\n\u2026 [+4596 chars]", "author": "Katrina Domingo"}, {"date": "2021-03-12T09:07:13Z", "title": "China eyes record monopoly fine near $1B for Alibaba: report", "content": "BEIJING - China is considering imposing a record fine of nearly $1 billion on e-commerce giant Alibaba for allegedly flouting monopoly rules, according to a report, as authorities continue to put the\u2026 [+1983 chars]", "author": "Agence France-presse"}, {"date": "2021-03-12T09:07:11Z", "title": "Bike-friendly Pulilan-Baliuag diversion road to open March 13: DPWH", "content": "MANILA - The P509-million Pulilan-Baliuag diversion road is set to open to motorists on March 13, the Department of Public Works and Highways said Friday.\r\nThe 9.6-kilometer diversion road can accomm\u2026 [+854 chars]", "author": "Jacque Manabat"}, {"date": "2021-03-12T07:40:03Z", "title": "Minor side effects reported by small percentage of vaccinated health workers: DOH", "content": "MANILA \u2014 Some 1,000 health workers have reported minor side effects after inoculations against COVID-19, the Department of Health (DOH) said Friday, as the government races to vaccinate more health a\u2026 [+2785 chars]", "author": "Kristine Sabillo"}, {"date": "2021-03-12T07:35:04Z", "title": "Blackpink's Ros\u00e9 releases music video of solo single 'On The Ground'", "content": "Ros\u00e9 of the South Korean popular female group Blackpink has released the music video for her first solo single \"On The Ground.\"\r\nThe more than three-minute video was uploaded on the official YouTube \u2026 [+646 chars]", "author": "Abs-cbn News"}, {"date": "2021-03-12T07:07:19Z", "title": "'It's on': Philippines' Converge says talks with Elon Musk's SpaceX Starlink ongoing", "content": "MANILA - Converge Information and Communications Technology Solutions Inc said Friday it has conducted \"several talks\" with officials of Elon Musk's SpaceX for its Starlink broadband satellite intern\u2026 [+1558 chars]", "author": "Michelle Ong"}, {"date": "2021-03-12T06:48:50Z", "title": "DITO eyes 'profitability' by year 5 of commercial operations", "content": "MANILA - DITO Telecommunity expects to pay off liabilities and see profitability on its 5th year of operations, DITO CME Holdings Corp, which indirectly holds stakes in the telco, said Friday.\r\nDITO'\u2026 [+825 chars]", "author": "Abs-cbn News"}, {"date": "2021-03-12T06:45:56Z", "title": "Palace: IATF orders full use of COVID-19 contact-tracing app in 10 days", "content": "MANILA \u2014 The inter-agency task force leading the country's pandemic response has ordered the \"full implementation\" of the national government's contact-tracing app within 10 days, Malaca\u00f1ang said on \u2026 [+1711 chars]", "author": "Jamaine Punzalan, ABS CBN News"}, {"date": "2021-03-12T06:34:27Z", "title": "Campaigning for 2022? Duterte focused on COVID-19 crisis, says spokesman", "content": "MANILA\u2014 President Rodrigo Duterte is focused on the COVID-19 pandemic, Malaca\u00f1ang said on Friday, after the Chief Executive floated possible candidates in the 2022 elections.\u00a0\r\nIn a speech on Thursda\u2026 [+2786 chars]", "author": "Jamaine Punzalan"}, {"date": "2021-03-12T06:18:49Z", "title": "Pacquiao warns Cusi: Do not divide PDP-Laban", "content": "MANILA - PDP-Laban acting president Sen. Manny Pacquiao on Friday warned Energy Secretary Alfonso Cusi not to \"poison\" and \"divide\" the minds of the ruling party's members amid talk of the group's li\u2026 [+3071 chars]", "author": "Katrina Domingo"}, {"date": "2021-03-12T05:05:27Z", "title": "NBI: Flight attendant Dacera's companions liable for reckless imprudence, perjury", "content": "MANILA - The National Bureau of Investigation (NBI) on Friday recommended filing charges of obstruction of justice, perjury, and reckless imprudence resulting in homicide against those who occupied t\u2026 [+2131 chars]", "author": "Abs-cbn News"}, {"date": "2021-03-12T03:51:11Z", "title": "Kathryn and Daniel lead Star Magic artists in greeting Direk Lauren on his birthday", "content": "MANILA -- Star Magic artists led by celebrity couple Kathryn Bernardo and Daniel Padilla sent their birthday greetings to Laurenti \"Lauren\" Dyogi,\" the current head of ABS-CBN's talent management arm\u2026 [+2149 chars]", "author": "Abs-cbn News"}, {"date": "2021-03-12T03:26:12Z", "title": "ADB approves $400 million loan to help PH purchase coronavirus vaccines", "content": "MANILA - The Asian Development Bank said Friday it has approved a $400 million (P24 billion) loan to help the Philippines purchase COVID-19 vaccines.\r\nThe aid is part of ADB's Asia Pacific Vaccine Ac\u2026 [+1248 chars]", "author": "Abs-cbn News"}, {"date": "2021-03-12T02:03:12Z", "title": "Globe, PLDT push for safer environment with e-waste disposal, idle cable cleanup drive", "content": "MANILA - Telco giants Globe Telecom and PLDT Inc have launched separate programs to collect e-waste and idle cables to promote safe and environment-friendly services.\r\nPLDT Inc recently signed a memo\u2026 [+2137 chars]", "author": "Abs-cbn News"}, {"date": "2021-03-12T01:10:02Z", "title": "Netflix tests feature that could limit password sharing", "content": "Netflix Inc is testing a feature that asks viewers to verify they share a household with the account holder, the company said on Thursday, a move that could lead to a clampdown on sharing of password\u2026 [+899 chars]", "author": "Reuters"}, {"date": "2021-03-12T00:50:20Z", "title": "World Bank approves US$500-M loan for Philippines' COVID-19 pandemic response", "content": "The World Bank has approved US$500 million in funding to support the Philippine government\u2019s program to purchase and distribute COVID-19 vaccines, strengthen the country\u2019s health systems, and overcom\u2026 [+1698 chars]", "author": "Abs-cbn News"}, {"date": "2021-03-12T00:40:03Z", "title": "Biden signs $1.9 trillion US stimulus package into law", "content": "WASHINGTON - President Joe Biden signed into law a \"historic\" $1.9 trillion economic stimulus package on Thursday, saying it would help ordinary Americans recover from the coronavirus crisis.\r\n\"This \u2026 [+267 chars]", "author": "Agence France-presse"}, {"date": "2021-03-11T16:29:00Z", "title": "NBI confirms cyber attack on national government portal - ABS-CBN News", "content": "MANILA \u2014 The National Bureau of Investigation on Thursday confirmed a cyber attack on the national government's main website, but could not say whether or not the incident was in protest of the recen\u2026 [+2161 chars]", "author": "Jamaine Punzalan, ABS CBN News"}, {"date": "2021-03-11T15:53:17Z", "title": "BTS scoops top two positions in 2020 world album chart", "content": "LONDON \u2014 South Korea\u2019s K-pop sensation BTS dominated world music sales in 2020 by putting out the year\u2019s best-, and second-best selling albums, the music industry body IFPI said on Thursday.\r\nThe ban\u2026 [+996 chars]", "author": "Reuters"}, {"date": "2021-03-11T15:31:28Z", "title": "India likely to block China's Huawei over security fears", "content": "NEW DELHI - India is likely to block its mobile carriers from using telecom equipment made by China's Huawei, two government officials said, under procurement rules due to come into force in June.\r\nN\u2026 [+3050 chars]", "author": "Aftab Ahmed And Sankalp Phartiyal"}, {"date": "2021-03-11T13:25:02Z", "title": "Duterte signs order expanding satellite access for ISPs, app and service operators", "content": "MANILA - President Rodrigo Duterte has issued an executive order expanding the access of internet service providers and value-added service providers to satellite systems.\u00a0\r\nExecutive Order No. 127, \u2026 [+2345 chars]", "author": "Abs-cbn News"}, {"date": "2021-03-11T13:01:34Z", "title": "\u2018Honest sinner vs lying hypocrite\u2019? Timing of Claudine\u2019s cryptic post stirs speculation", "content": "MANILA \u2014 Is Claudine Barretto pertaining to her niece, Julia Barretto, in her cryptic statement about being a \u201clying hypocrite\u201d?\r\nThis was the common question of dozens of comments on Claudine\u2019s Marc\u2026 [+1614 chars]", "author": "Abs-cbn News"}, {"date": "2021-03-11T12:36:39Z", "title": "PNP chief Sinas tests positive for COVID-19 - spokesman", "content": "MANILA - The country's police chief Gen. Debold Sinas has tested positive for COVID-19, the spokesperson of the Philippine National Police said Thursday.\r\nPolice Brig. Gen. Ildebrandi Usana said Sina\u2026 [+1024 chars]", "author": "Abs-cbn News"}, {"date": "2021-03-11T11:50:16Z", "title": "Facebook halts project for undersea data cable to Hong Kong", "content": "SAN FRANCISCO, United States - Facebook has decided to halt its efforts to build a trans-Pacific undersea cable that would have connected California and Hong Kong, due to tensions between the United \u2026 [+1404 chars]", "author": "Agence France-presse"}, {"date": "2021-03-11T11:15:05Z", "title": "PDP-Laban to convince Duterte to run as VP in 2022", "content": "Ruling party eyes Sara, Bong Go, or Pacquiao as 'standard bearer'\r\nMANILA \u2014 Some officials and members of the ruling Partido Demokratiko Pilipino\u2013Lakas ng Bayan (PDP-Laban) are urging President Rodri\u2026 [+3016 chars]", "author": "Rg Cruz"}, {"date": "2021-03-11T11:07:23Z", "title": "Duterte says Bong Go wants to be President", "content": "MANILA \u2014 President Rodrigo Duterte said on Thursday his former long-time aide Sen. Christopher \"Bong\" Go wants to be president.\r\nIn a speech at the inauguration of a port building in Dumaguete City, \u2026 [+1942 chars]", "author": "Jamaine Punzalan"}, {"date": "2021-03-11T11:05:48Z", "title": "Kapamilya Toplist: 15 best villain moments of Lily in FPJ's Ang Probinsyano | ABS-CBN Entertainment", "content": "Ever since Lily Ann Cortez-Hidalgo (Lorna Tolentino)\u00a0came into the picture,\u00a0FPJ\u2019s\u00a0Ang\u00a0Probinsyano\r\n\u00a0\r\nhas definitely\u00a0gone more\u00a0thrilling and intense as she relentlessly aims to topple down Cardo Dali\u2026 [+2756 chars]", "author": "Mary Ann Bardinas"}, {"date": "2021-03-11T11:00:00Z", "title": "Kyle Echarri, 17, purchases dream Dodge pickup", "content": "MANILA -- Young actor Kyle Echarri has ticked off one hefty item on his bucket list as he finally bought his dream Dodge Ram 1500 pickup truck.\u00a0\r\nIn a vlog uploaded on his YouTube channel, Echarri sh\u2026 [+1347 chars]", "author": "Abs-cbn News"}, {"date": "2021-03-11T11:00:00Z", "title": "\u2018Know what you deserve\u2019: Iza Calzado recalls being in a toxic relationship before", "content": "MANILA -- Before finding the man of her life, Ben Wintle, veteran actress Iza Calzado admitted being stuck in a \u201ctoxic\u201d relationship in the past and getting blinded by her attachment to love.\u00a0\r\nIn \u201cP\u2026 [+3029 chars]", "author": "Abs-cbn News"}, {"date": "2021-03-11T10:52:58Z", "title": "Emperador says earnings grew in 2020 despite pandemic impact", "content": "MANILA - Emperador Inc said Thursday earnings grew 18 percent to P8 billion in 2020 due to sustained revenue growth.\r\nRevenues reached P52.6 billion last year, the company said in a disclosure to the\u2026 [+751 chars]", "author": "Abs-cbn News"}, {"date": "2021-03-11T10:00:09Z", "title": "San Miguel Food and Beverage net income hits P22.4 billion in 2020", "content": "MANILA - San Miguel Food and Beverage Inc said Thursday its net income last year reached P22.4 billion following a strong rebound in the second half.\u00a0\r\nProfits were driven by San Miguel Brewery Inc w\u2026 [+934 chars]", "author": "Abs-cbn News"}, {"date": "2021-03-11T06:29:41Z", "title": "Son of Kylie Padilla and Aljur Abrenica in hospital after he was bitten by a dog", "content": "MANILA -- Alas Joaquin, the 3-year-old son of celebrity couple Aljur Abrenica and Kylie Padilla, was taken to a hospital after the boy was bitten by a dog.\r\nPosting a photo of Alas on a hospital bed \u2026 [+1482 chars]", "author": "Abs-cbn News"}, {"date": "2021-03-11T04:00:25Z", "title": "Calbayog mayor shot at least 21 times, vehicle used by gunmen had diff plates: son", "content": "Calbayog City Mayor Ronald Aquino was shot at least 21 times, his eldest son Mark Aquino said Thursday, with witnesses saying 7 gunmen shot repeatedly at the mayor's van to make sure he was dead.\u00a0\r\nS\u2026 [+3129 chars]", "author": "Abs-cbn News"}]