[{"jdex": "#001", "ndex": "#152", "name": "Chikorita", "type1": "Grass", "page": "https://bulbapedia.bulbagarden.net/wiki/Chikorita_(Pok%C3%A9mon)"}, {"jdex": "#002", "ndex": "#153", "name": "Bayleef", "type1": "Grass", "page": "https://bulbapedia.bulbagarden.net/wiki/Bayleef_(Pok%C3%A9mon)"}, {"jdex": "#003", "ndex": "#154", "name": "Meganium", "type1": "Grass", "page": "https://bulbapedia.bulbagarden.net/wiki/Meganium_(Pok%C3%A9mon)"}, {"jdex": "#004", "ndex": "#155", "name": "Cyndaquil", "type1": "Fire", "page": "https://bulbapedia.bulbagarden.net/wiki/Cyndaquil_(Pok%C3%A9mon)"}, {"jdex": "#005", "ndex": "#156", "name": "Quilava", "type1": "Fire", "page": "https://bulbapedia.bulbagarden.net/wiki/Quilava_(Pok%C3%A9mon)"}, {"jdex": "#006", "ndex": "#157", "name": "Typhlosion", "type1": "Fire", "page": "https://bulbapedia.bulbagarden.net/wiki/Typhlosion_(Pok%C3%A9mon)"}, {"jdex": "#007", "ndex": "#158", "name": "Totodile", "type1": "Water", "page": "https://bulbapedia.bulbagarden.net/wiki/Totodile_(Pok%C3%A9mon)"}, {"jdex": "#008", "ndex": "#159", "name": "Croconaw", "type1": "Water", "page": "https://bulbapedia.bulbagarden.net/wiki/Croconaw_(Pok%C3%A9mon)"}, {"jdex": "#009", "ndex": "#160", "name": "Feraligatr", "type1": "Water", "page": "https://bulbapedia.bulbagarden.net/wiki/Feraligatr_(Pok%C3%A9mon)"}, {"jdex": "#019", "ndex": "#161", "name": "Sentret", "type1": "Normal", "page": "https://bulbapedia.bulbagarden.net/wiki/Sentret_(Pok%C3%A9mon)"}, {"jdex": "#020", "ndex": "#162", "name": "Furret", "type1": "Normal", "page": "https://bulbapedia.bulbagarden.net/wiki/Furret_(Pok%C3%A9mon)"}, {"jdex": "#015", "ndex": "#163", "name": "Hoothoot", "type1": "Normal", "type2": "Flying", "page": "https://bulbapedia.bulbagarden.net/wiki/Hoothoot_(Pok%C3%A9mon)"}, {"jdex": "#016", "ndex": "#164", "name": "Noctowl", "type1": "Normal", "type2": "Flying", "page": "https://bulbapedia.bulbagarden.net/wiki/Noctowl_(Pok%C3%A9mon)"}, {"jdex": "#030", "ndex": "#165", "name": "Ledyba", "type1": "Bug", "type2": "Flying", "page": "https://bulbapedia.bulbagarden.net/wiki/Ledyba_(Pok%C3%A9mon)"}, {"jdex": "#031", "ndex": "#166", "name": "Ledian", "type1": "Bug", "type2": "Flying", "page": "https://bulbapedia.bulbagarden.net/wiki/Ledian_(Pok%C3%A9mon)"}, {"jdex": "#032", "ndex": "#167", "name": "Spinarak", "type1": "Bug", "type2": "Poison", "page": "https://bulbapedia.bulbagarden.net/wiki/Spinarak_(Pok%C3%A9mon)"}, {"jdex": "#033", "ndex": "#168", "name": "Ariados", "type1": "Bug", "type2": "Poison", "page": "https://bulbapedia.bulbagarden.net/wiki/Ariados_(Pok%C3%A9mon)"}, {"jdex": "#039", "ndex": "#169", "name": "Crobat", "type1": "Poison", "type2": "Flying", "page": "https://bulbapedia.bulbagarden.net/wiki/Crobat_(Pok%C3%A9mon)"}, {"jdex": "#176", "ndex": "#170", "name": "Chinchou", "type1": "Water", "type2": "Electric", "page": "https://bulbapedia.bulbagarden.net/wiki/Chinchou_(Pok%C3%A9mon)"}, {"jdex": "#177", "ndex": "#171", "name": "Lanturn", "type1": "Water", "type2": "Electric", "page": "https://bulbapedia.bulbagarden.net/wiki/Lanturn_(Pok%C3%A9mon)"}, {"jdex": "#021", "ndex": "#172", "name": "Pichu", "type1": "Electric", "page": "https://bulbapedia.bulbagarden.net/wiki/Pichu_(Pok%C3%A9mon)"}, {"jdex": "#040", "ndex": "#173", "name": "Cleffa", "type1": "Fairy", "page": "https://bulbapedia.bulbagarden.net/wiki/Cleffa_(Pok%C3%A9mon)"}, {"jdex": "#044", "ndex": "#174", "name": "Igglybuff", "type1": "Normal", "type2": "Fairy", "page": "https://bulbapedia.bulbagarden.net/wiki/Igglybuff_(Pok%C3%A9mon)"}, {"jdex": "#046", "ndex": "#175", "name": "Togepi", "type1": "Fairy", "page": "https://bulbapedia.bulbagarden.net/wiki/Togepi_(Pok%C3%A9mon)"}, {"jdex": "#047", "ndex": "#176", "name": "Togetic", "type1": "Fairy", "type2": "Flying", "page": "https://bulbapedia.bulbagarden.net/wiki/Togetic_(Pok%C3%A9mon)"}, {"jdex": "#161", "ndex": "#177", "name": "Natu", "type1": "Psychic", "type2": "Flying", "page": "https://bulbapedia.bulbagarden.net/wiki/Natu_(Pok%C3%A9mon)"}, {"jdex": "#162", "ndex": "#178", "name": "Xatu", "type1": "Psychic", "type2": "Flying", "page": "https://bulbapedia.bulbagarden.net/wiki/Xatu_(Pok%C3%A9mon)"}, {"jdex": "#053", "ndex": "#179", "name": "Mareep", "type1": "Electric", "page": "https://bulbapedia.bulbagarden.net/wiki/Mareep_(Pok%C3%A9mon)"}, {"jdex": "#054", "ndex": "#180", "name": "Flaaffy", "type1": "Electric", "page": "https://bulbapedia.bulbagarden.net/wiki/Flaaffy_(Pok%C3%A9mon)"}, {"jdex": "#055", "ndex": "#181", "name": "Ampharos", "type1": "Electric", "page": "https://bulbapedia.bulbagarden.net/wiki/Ampharos_(Pok%C3%A9mon)"}, {"jdex": "#086", "ndex": "#182", "name": "Bellossom", "type1": "Grass", "page": "https://bulbapedia.bulbagarden.net/wiki/Bellossom_(Pok%C3%A9mon)"}, {"jdex": "#132", "ndex": "#183", "name": "Marill", "type1": "Water", "type2": "Fairy", "page": "https://bulbapedia.bulbagarden.net/wiki/Marill_(Pok%C3%A9mon)"}, {"jdex": "#133", "ndex": "#184", "name": "Azumarill", "type1": "Water", "type2": "Fairy", "page": "https://bulbapedia.bulbagarden.net/wiki/Azumarill_(Pok%C3%A9mon)"}, {"jdex": "#107", "ndex": "#185", "name": "Sudowoodo", "type1": "Rock", "page": "https://bulbapedia.bulbagarden.net/wiki/Sudowoodo_(Pok%C3%A9mon)"}, {"jdex": "#075", "ndex": "#186", "name": "Politoed", "type1": "Water", "page": "https://bulbapedia.bulbagarden.net/wiki/Politoed_(Pok%C3%A9mon)"}, {"jdex": "#067", "ndex": "#187", "name": "Hoppip", "type1": "Grass", "type2": "Flying", "page": "https://bulbapedia.bulbagarden.net/wiki/Hoppip_(Pok%C3%A9mon)"}, {"jdex": "#068", "ndex": "#188", "name": "Skiploom", "type1": "Grass", "type2": "Flying", "page": "https://bulbapedia.bulbagarden.net/wiki/Skiploom_(Pok%C3%A9mon)"}, {"jdex": "#069", "ndex": "#189", "name": "Jumpluff", "type1": "Grass", "type2": "Flying", "page": "https://bulbapedia.bulbagarden.net/wiki/Jumpluff_(Pok%C3%A9mon)"}, {"jdex": "#123", "ndex": "#190", "name": "Aipom", "type1": "Normal", "page": "https://bulbapedia.bulbagarden.net/wiki/Aipom_(Pok%C3%A9mon)"}, {"jdex": "#103", "ndex": "#191", "name": "Sunkern", "type1": "Grass", "page": "https://bulbapedia.bulbagarden.net/wiki/Sunkern_(Pok%C3%A9mon)"}, {"jdex": "#104", "ndex": "#192", "name": "Sunflora", "type1": "Grass", "page": "https://bulbapedia.bulbagarden.net/wiki/Sunflora_(Pok%C3%A9mon)"}, {"jdex": "#101", "ndex": "#193", "name": "Yanma", "type1": "Bug", "type2": "Flying", "page": "https://bulbapedia.bulbagarden.net/wiki/Yanma_(Pok%C3%A9mon)"}, {"jdex": "#056", "ndex": "#194", "name": "Wooper", "type1": "Water", "type2": "Ground", "page": "https://bulbapedia.bulbagarden.net/wiki/Wooper_(Pok%C3%A9mon)"}, {"jdex": "#057", "ndex": "#195", "name": "Quagsire", "type1": "Water", "type2": "Ground", "page": "https://bulbapedia.bulbagarden.net/wiki/Quagsire_(Pok%C3%A9mon)"}, {"jdex": "#188", "ndex": "#196", "name": "Espeon", "type1": "Psychic", "page": "https://bulbapedia.bulbagarden.net/wiki/Espeon_(Pok%C3%A9mon)"}, {"jdex": "#189", "ndex": "#197", "name": "Umbreon", "type1": "Dark", "page": "https://bulbapedia.bulbagarden.net/wiki/Umbreon_(Pok%C3%A9mon)"}, {"jdex": "#213", "ndex": "#198", "name": "Murkrow", "type1": "Dark", "type2": "Flying", "page": "https://bulbapedia.bulbagarden.net/wiki/Murkrow_(Pok%C3%A9mon)"}, {"jdex": "#082", "ndex": "#199", "name": "Slowking", "type1": "Water", "type2": "Psychic", "page": "https://bulbapedia.bulbagarden.net/wiki/Slowking_(Pok%C3%A9mon)"}, {"jdex": "", "ndex": "#199", "name": "Slowking", "type1": "Poison", "type2": "Psychic", "page": "https://bulbapedia.bulbagarden.net/wiki/Slowking_(Pok%C3%A9mon)"}, {"jdex": "#219", "ndex": "#200", "name": "Misdreavus", "type1": "Ghost", "page": "https://bulbapedia.bulbagarden.net/wiki/Misdreavus_(Pok%C3%A9mon)"}, {"jdex": "#061", "ndex": "#201", "name": "Unown", "type1": "Psychic", "page": "https://bulbapedia.bulbagarden.net/wiki/Unown_(Pok%C3%A9mon)"}, {"jdex": "#108", "ndex": "#202", "name": "Wobbuffet", "type1": "Psychic", "page": "https://bulbapedia.bulbagarden.net/wiki/Wobbuffet_(Pok%C3%A9mon)"}, {"jdex": "#149", "ndex": "#203", "name": "Girafarig", "type1": "Normal", "type2": "Psychic", "page": "https://bulbapedia.bulbagarden.net/wiki/Girafarig_(Pok%C3%A9mon)"}, {"jdex": "#093", "ndex": "#204", "name": "Pineco", "type1": "Bug", "page": "https://bulbapedia.bulbagarden.net/wiki/Pineco_(Pok%C3%A9mon)"}, {"jdex": "#094", "ndex": "#205", "name": "Forretress", "type1": "Bug", "type2": "Steel", "page": "https://bulbapedia.bulbagarden.net/wiki/Forretress_(Pok%C3%A9mon)"}, {"jdex": "#052", "ndex": "#206", "name": "Dunsparce", "type1": "Normal", "page": "https://bulbapedia.bulbagarden.net/wiki/Dunsparce_(Pok%C3%A9mon)"}, {"jdex": "#193", "ndex": "#207", "name": "Gligar", "type1": "Ground", "type2": "Flying", "page": "https://bulbapedia.bulbagarden.net/wiki/Gligar_(Pok%C3%A9mon)"}, {"jdex": "#063", "ndex": "#208", "name": "Steelix", "type1": "Steel", "type2": "Ground", "page": "https://bulbapedia.bulbagarden.net/wiki/Steelix_(Pok%C3%A9mon)"}, {"jdex": "#125", "ndex": "#209", "name": "Snubbull", "type1": "Fairy", "page": "https://bulbapedia.bulbagarden.net/wiki/Snubbull_(Pok%C3%A9mon)"}, {"jdex": "#126", "ndex": "#210", "name": "Granbull", "type1": "Fairy", "page": "https://bulbapedia.bulbagarden.net/wiki/Granbull_(Pok%C3%A9mon)"}, {"jdex": "#163", "ndex": "#211", "name": "Qwilfish", "type1": "Water", "type2": "Poison", "page": "https://bulbapedia.bulbagarden.net/wiki/Qwilfish_(Pok%C3%A9mon)"}, {"jdex": "#112", "ndex": "#212", "name": "Scizor", "type1": "Bug", "type2": "Steel", "page": "https://bulbapedia.bulbagarden.net/wiki/Scizor_(Pok%C3%A9mon)"}, {"jdex": "#168", "ndex": "#213", "name": "Shuckle", "type1": "Bug", "type2": "Rock", "page": "https://bulbapedia.bulbagarden.net/wiki/Shuckle_(Pok%C3%A9mon)"}, {"jdex": "#114", "ndex": "#214", "name": "Heracross", "type1": "Bug", "type2": "Fighting", "page": "https://bulbapedia.bulbagarden.net/wiki/Heracross_(Pok%C3%A9mon)"}, {"jdex": "#218", "ndex": "#215", "name": "Sneasel", "type1": "Dark", "type2": "Ice", "page": "https://bulbapedia.bulbagarden.net/wiki/Sneasel_(Pok%C3%A9mon)"}, {"jdex": "#198", "ndex": "#216", "name": "Teddiursa", "type1": "Normal", "page": "https://bulbapedia.bulbagarden.net/wiki/Teddiursa_(Pok%C3%A9mon)"}, {"jdex": "#199", "ndex": "#217", "name": "Ursaring", "type1": "Normal", "page": "https://bulbapedia.bulbagarden.net/wiki/Ursaring_(Pok%C3%A9mon)"}, {"jdex": "#216", "ndex": "#218", "name": "Slugma", "type1": "Fire", "page": "https://bulbapedia.bulbagarden.net/wiki/Slugma_(Pok%C3%A9mon)"}, {"jdex": "#217", "ndex": "#219", "name": "Magcargo", "type1": "Fire", "type2": "Rock", "page": "https://bulbapedia.bulbagarden.net/wiki/Magcargo_(Pok%C3%A9mon)"}, {"jdex": "#195", "ndex": "#220", "name": "Swinub", "type1": "Ice", "type2": "Ground", "page": "https://bulbapedia.bulbagarden.net/wiki/Swinub_(Pok%C3%A9mon)"}, {"jdex": "#196", "ndex": "#221", "name": "Piloswine", "type1": "Ice", "type2": "Ground", "page": "https://bulbapedia.bulbagarden.net/wiki/Piloswine_(Pok%C3%A9mon)"}, {"jdex": "#173", "ndex": "#222", "name": "Corsola", "type1": "Water", "type2": "Rock", "page": "https://bulbapedia.bulbagarden.net/wiki/Corsola_(Pok%C3%A9mon)"}, {"jdex": "", "ndex": "#222", "name": "Corsola", "type1": "Ghost", "page": "https://bulbapedia.bulbagarden.net/wiki/Corsola_(Pok%C3%A9mon)"}, {"jdex": "#174", "ndex": "#223", "name": "Remoraid", "type1": "Water", "page": "https://bulbapedia.bulbagarden.net/wiki/Remoraid_(Pok%C3%A9mon)"}, {"jdex": "#175", "ndex": "#224", "name": "Octillery", "type1": "Water", "page": "https://bulbapedia.bulbagarden.net/wiki/Octillery_(Pok%C3%A9mon)"}, {"jdex": "#194", "ndex": "#225", "name": "Delibird", "type1": "Ice", "type2": "Flying", "page": "https://bulbapedia.bulbagarden.net/wiki/Delibird_(Pok%C3%A9mon)"}, {"jdex": "#202", "ndex": "#226", "name": "Mantine", "type1": "Water", "type2": "Flying", "page": "https://bulbapedia.bulbagarden.net/wiki/Mantine_(Pok%C3%A9mon)"}, {"jdex": "#203", "ndex": "#227", "name": "Skarmory", "type1": "Steel", "type2": "Flying", "page": "https://bulbapedia.bulbagarden.net/wiki/Skarmory_(Pok%C3%A9mon)"}, {"jdex": "#214", "ndex": "#228", "name": "Houndour", "type1": "Dark", "type2": "Fire", "page": "https://bulbapedia.bulbagarden.net/wiki/Houndour_(Pok%C3%A9mon)"}, {"jdex": "#215", "ndex": "#229", "name": "Houndoom", "type1": "Dark", "type2": "Fire", "page": "https://bulbapedia.bulbagarden.net/wiki/Houndoom_(Pok%C3%A9mon)"}, {"jdex": "#192", "ndex": "#230", "name": "Kingdra", "type1": "Water", "type2": "Dragon", "page": "https://bulbapedia.bulbagarden.net/wiki/Kingdra_(Pok%C3%A9mon)"}, {"jdex": "#200", "ndex": "#231", "name": "Phanpy", "type1": "Ground", "page": "https://bulbapedia.bulbagarden.net/wiki/Phanpy_(Pok%C3%A9mon)"}, {"jdex": "#201", "ndex": "#232", "name": "Donphan", "type1": "Ground", "page": "https://bulbapedia.bulbagarden.net/wiki/Donphan_(Pok%C3%A9mon)"}, {"jdex": "#221", "ndex": "#233", "name": "Porygon2", "type1": "Normal", "page": "https://bulbapedia.bulbagarden.net/wiki/Porygon2_(Pok%C3%A9mon)"}, {"jdex": "#131", "ndex": "#234", "name": "Stantler", "type1": "Normal", "page": "https://bulbapedia.bulbagarden.net/wiki/Stantler_(Pok%C3%A9mon)"}, {"jdex": "#159", "ndex": "#235", "name": "Smeargle", "type1": "Normal", "page": "https://bulbapedia.bulbagarden.net/wiki/Smeargle_(Pok%C3%A9mon)"}, {"jdex": "#145", "ndex": "#236", "name": "Tyrogue", "type1": "Fighting", "page": "https://bulbapedia.bulbagarden.net/wiki/Tyrogue_(Pok%C3%A9mon)"}, {"jdex": "#148", "ndex": "#237", "name": "Hitmontop", "type1": "Fighting", "page": "https://bulbapedia.bulbagarden.net/wiki/Hitmontop_(Pok%C3%A9mon)"}, {"jdex": "#154", "ndex": "#238", "name": "Smoochum", "type1": "Ice", "type2": "Psychic", "page": "https://bulbapedia.bulbagarden.net/wiki/Smoochum_(Pok%C3%A9mon)"}, {"jdex": "#156", "ndex": "#239", "name": "Elekid", "type1": "Electric", "page": "https://bulbapedia.bulbagarden.net/wiki/Elekid_(Pok%C3%A9mon)"}, {"jdex": "#152", "ndex": "#240", "name": "Magby", "type1": "Fire", "page": "https://bulbapedia.bulbagarden.net/wiki/Magby_(Pok%C3%A9mon)"}, {"jdex": "#151", "ndex": "#241", "name": "Miltank", "type1": "Normal", "page": "https://bulbapedia.bulbagarden.net/wiki/Miltank_(Pok%C3%A9mon)"}, {"jdex": "#223", "ndex": "#242", "name": "Blissey", "type1": "Normal", "page": "https://bulbapedia.bulbagarden.net/wiki/Blissey_(Pok%C3%A9mon)"}, {"jdex": "#243", "ndex": "#243", "name": "Raikou", "type1": "Electric", "page": "https://bulbapedia.bulbagarden.net/wiki/Raikou_(Pok%C3%A9mon)"}, {"jdex": "#244", "ndex": "#244", "name": "Entei", "type1": "Fire", "page": "https://bulbapedia.bulbagarden.net/wiki/Entei_(Pok%C3%A9mon)"}, {"jdex": "#245", "ndex": "#245", "name": "Suicune", "type1": "Water", "page": "https://bulbapedia.bulbagarden.net/wiki/Suicune_(Pok%C3%A9mon)"}, {"jdex": "#249", "ndex": "#246", "name": "Larvitar", "type1": "Rock", "type2": "Ground", "page": "https://bulbapedia.bulbagarden.net/wiki/Larvitar_(Pok%C3%A9mon)"}, {"jdex": "#250", "ndex": "#247", "name": "Pupitar", "type1": "Rock", "type2": "Ground", "page": "https://bulbapedia.bulbagarden.net/wiki/Pupitar_(Pok%C3%A9mon)"}, {"jdex": "#251", "ndex": "#248", "name": "Tyranitar", "type1": "Rock", "type2": "Dark", "page": "https://bulbapedia.bulbagarden.net/wiki/Tyranitar_(Pok%C3%A9mon)"}, {"jdex": "#252", "ndex": "#249", "name": "Lugia", "type1": "Psychic", "type2": "Flying", "page": "https://bulbapedia.bulbagarden.net/wiki/Lugia_(Pok%C3%A9mon)"}, {"jdex": "#253", "ndex": "#250", "name": "Ho-Oh", "type1": "Fire", "type2": "Flying", "page": "https://bulbapedia.bulbagarden.net/wiki/Ho-Oh_(Pok%C3%A9mon)"}, {"jdex": "#256", "ndex": "#251", "name": "Celebi", "type1": "Psychic", "type2": "Grass", "page": "https://bulbapedia.bulbagarden.net/wiki/Celebi_(Pok%C3%A9mon)"}]