[{"udex": "#000", "ndex": "#494", "name": "Victini", "type1": "Psychic", "type2": "Fire", "page": "https://bulbapedia.bulbagarden.net/wiki/Victini_(Pok%C3%A9mon)"}, {"udex": "#001", "ndex": "#495", "name": "Snivy", "type1": "Grass", "page": "https://bulbapedia.bulbagarden.net/wiki/Snivy_(Pok%C3%A9mon)"}, {"udex": "#002", "ndex": "#496", "name": "Servine", "type1": "Grass", "page": "https://bulbapedia.bulbagarden.net/wiki/Servine_(Pok%C3%A9mon)"}, {"udex": "#003", "ndex": "#497", "name": "Serperior", "type1": "Grass", "page": "https://bulbapedia.bulbagarden.net/wiki/Serperior_(Pok%C3%A9mon)"}, {"udex": "#004", "ndex": "#498", "name": "Tepig", "type1": "Fire", "page": "https://bulbapedia.bulbagarden.net/wiki/Tepig_(Pok%C3%A9mon)"}, {"udex": "#005", "ndex": "#499", "name": "Pignite", "type1": "Fire", "type2": "Fighting", "page": "https://bulbapedia.bulbagarden.net/wiki/Pignite_(Pok%C3%A9mon)"}, {"udex": "#006", "ndex": "#500", "name": "Emboar", "type1": "Fire", "type2": "Fighting", "page": "https://bulbapedia.bulbagarden.net/wiki/Emboar_(Pok%C3%A9mon)"}, {"udex": "#007", "ndex": "#501", "name": "Oshawott", "type1": "Water", "page": "https://bulbapedia.bulbagarden.net/wiki/Oshawott_(Pok%C3%A9mon)"}, {"udex": "#008", "ndex": "#502", "name": "Dewott", "type1": "Water", "page": "https://bulbapedia.bulbagarden.net/wiki/Dewott_(Pok%C3%A9mon)"}, {"udex": "#009", "ndex": "#503", "name": "Samurott", "type1": "Water", "page": "https://bulbapedia.bulbagarden.net/wiki/Samurott_(Pok%C3%A9mon)"}, {"udex": "#010", "ndex": "#504", "name": "Patrat", "type1": "Normal", "page": "https://bulbapedia.bulbagarden.net/wiki/Patrat_(Pok%C3%A9mon)"}, {"udex": "#011", "ndex": "#505", "name": "Watchog", "type1": "Normal", "page": "https://bulbapedia.bulbagarden.net/wiki/Watchog_(Pok%C3%A9mon)"}, {"udex": "#012", "ndex": "#506", "name": "Lillipup", "type1": "Normal", "page": "https://bulbapedia.bulbagarden.net/wiki/Lillipup_(Pok%C3%A9mon)"}, {"udex": "#013", "ndex": "#507", "name": "Herdier", "type1": "Normal", "page": "https://bulbapedia.bulbagarden.net/wiki/Herdier_(Pok%C3%A9mon)"}, {"udex": "#014", "ndex": "#508", "name": "Stoutland", "type1": "Normal", "page": "https://bulbapedia.bulbagarden.net/wiki/Stoutland_(Pok%C3%A9mon)"}, {"udex": "#015", "ndex": "#509", "name": "Purrloin", "type1": "Dark", "page": "https://bulbapedia.bulbagarden.net/wiki/Purrloin_(Pok%C3%A9mon)"}, {"udex": "#016", "ndex": "#510", "name": "Liepard", "type1": "Dark", "page": "https://bulbapedia.bulbagarden.net/wiki/Liepard_(Pok%C3%A9mon)"}, {"udex": "#017", "ndex": "#511", "name": "Pansage", "type1": "Grass", "page": "https://bulbapedia.bulbagarden.net/wiki/Pansage_(Pok%C3%A9mon)"}, {"udex": "#018", "ndex": "#512", "name": "Simisage", "type1": "Grass", "page": "https://bulbapedia.bulbagarden.net/wiki/Simisage_(Pok%C3%A9mon)"}, {"udex": "#019", "ndex": "#513", "name": "Pansear", "type1": "Fire", "page": "https://bulbapedia.bulbagarden.net/wiki/Pansear_(Pok%C3%A9mon)"}, {"udex": "#020", "ndex": "#514", "name": "Simisear", "type1": "Fire", "page": "https://bulbapedia.bulbagarden.net/wiki/Simisear_(Pok%C3%A9mon)"}, {"udex": "#021", "ndex": "#515", "name": "Panpour", "type1": "Water", "page": "https://bulbapedia.bulbagarden.net/wiki/Panpour_(Pok%C3%A9mon)"}, {"udex": "#022", "ndex": "#516", "name": "Simipour", "type1": "Water", "page": "https://bulbapedia.bulbagarden.net/wiki/Simipour_(Pok%C3%A9mon)"}, {"udex": "#023", "ndex": "#517", "name": "Munna", "type1": "Psychic", "page": "https://bulbapedia.bulbagarden.net/wiki/Munna_(Pok%C3%A9mon)"}, {"udex": "#024", "ndex": "#518", "name": "Musharna", "type1": "Psychic", "page": "https://bulbapedia.bulbagarden.net/wiki/Musharna_(Pok%C3%A9mon)"}, {"udex": "#025", "ndex": "#519", "name": "Pidove", "type1": "Normal", "type2": "Flying", "page": "https://bulbapedia.bulbagarden.net/wiki/Pidove_(Pok%C3%A9mon)"}, {"udex": "#026", "ndex": "#520", "name": "Tranquill", "type1": "Normal", "type2": "Flying", "page": "https://bulbapedia.bulbagarden.net/wiki/Tranquill_(Pok%C3%A9mon)"}, {"udex": "#027", "ndex": "#521", "name": "Unfezant", "type1": "Normal", "type2": "Flying", "page": "https://bulbapedia.bulbagarden.net/wiki/Unfezant_(Pok%C3%A9mon)"}, {"udex": "#027", "ndex": "#521", "name": "Unfezant", "type1": "Normal", "type2": "Flying", "page": "https://bulbapedia.bulbagarden.net/wiki/Unfezant_(Pok%C3%A9mon)"}, {"udex": "#028", "ndex": "#522", "name": "Blitzle", "type1": "Electric", "page": "https://bulbapedia.bulbagarden.net/wiki/Blitzle_(Pok%C3%A9mon)"}, {"udex": "#029", "ndex": "#523", "name": "Zebstrika", "type1": "Electric", "page": "https://bulbapedia.bulbagarden.net/wiki/Zebstrika_(Pok%C3%A9mon)"}, {"udex": "#030", "ndex": "#524", "name": "Roggenrola", "type1": "Rock", "page": "https://bulbapedia.bulbagarden.net/wiki/Roggenrola_(Pok%C3%A9mon)"}, {"udex": "#031", "ndex": "#525", "name": "Boldore", "type1": "Rock", "page": "https://bulbapedia.bulbagarden.net/wiki/Boldore_(Pok%C3%A9mon)"}, {"udex": "#032", "ndex": "#526", "name": "Gigalith", "type1": "Rock", "page": "https://bulbapedia.bulbagarden.net/wiki/Gigalith_(Pok%C3%A9mon)"}, {"udex": "#033", "ndex": "#527", "name": "Woobat", "type1": "Psychic", "type2": "Flying", "page": "https://bulbapedia.bulbagarden.net/wiki/Woobat_(Pok%C3%A9mon)"}, {"udex": "#034", "ndex": "#528", "name": "Swoobat", "type1": "Psychic", "type2": "Flying", "page": "https://bulbapedia.bulbagarden.net/wiki/Swoobat_(Pok%C3%A9mon)"}, {"udex": "#035", "ndex": "#529", "name": "Drilbur", "type1": "Ground", "page": "https://bulbapedia.bulbagarden.net/wiki/Drilbur_(Pok%C3%A9mon)"}, {"udex": "#036", "ndex": "#530", "name": "Excadrill", "type1": "Ground", "type2": "Steel", "page": "https://bulbapedia.bulbagarden.net/wiki/Excadrill_(Pok%C3%A9mon)"}, {"udex": "#037", "ndex": "#531", "name": "Audino", "type1": "Normal", "page": "https://bulbapedia.bulbagarden.net/wiki/Audino_(Pok%C3%A9mon)"}, {"udex": "#038", "ndex": "#532", "name": "Timburr", "type1": "Fighting", "page": "https://bulbapedia.bulbagarden.net/wiki/Timburr_(Pok%C3%A9mon)"}, {"udex": "#039", "ndex": "#533", "name": "Gurdurr", "type1": "Fighting", "page": "https://bulbapedia.bulbagarden.net/wiki/Gurdurr_(Pok%C3%A9mon)"}, {"udex": "#040", "ndex": "#534", "name": "Conkeldurr", "type1": "Fighting", "page": "https://bulbapedia.bulbagarden.net/wiki/Conkeldurr_(Pok%C3%A9mon)"}, {"udex": "#041", "ndex": "#535", "name": "Tympole", "type1": "Water", "page": "https://bulbapedia.bulbagarden.net/wiki/Tympole_(Pok%C3%A9mon)"}, {"udex": "#042", "ndex": "#536", "name": "Palpitoad", "type1": "Water", "type2": "Ground", "page": "https://bulbapedia.bulbagarden.net/wiki/Palpitoad_(Pok%C3%A9mon)"}, {"udex": "#043", "ndex": "#537", "name": "Seismitoad", "type1": "Water", "type2": "Ground", "page": "https://bulbapedia.bulbagarden.net/wiki/Seismitoad_(Pok%C3%A9mon)"}, {"udex": "#044", "ndex": "#538", "name": "Throh", "type1": "Fighting", "page": "https://bulbapedia.bulbagarden.net/wiki/Throh_(Pok%C3%A9mon)"}, {"udex": "#045", "ndex": "#539", "name": "Sawk", "type1": "Fighting", "page": "https://bulbapedia.bulbagarden.net/wiki/Sawk_(Pok%C3%A9mon)"}, {"udex": "#046", "ndex": "#540", "name": "Sewaddle", "type1": "Bug", "type2": "Grass", "page": "https://bulbapedia.bulbagarden.net/wiki/Sewaddle_(Pok%C3%A9mon)"}, {"udex": "#047", "ndex": "#541", "name": "Swadloon", "type1": "Bug", "type2": "Grass", "page": "https://bulbapedia.bulbagarden.net/wiki/Swadloon_(Pok%C3%A9mon)"}, {"udex": "#048", "ndex": "#542", "name": "Leavanny", "type1": "Bug", "type2": "Grass", "page": "https://bulbapedia.bulbagarden.net/wiki/Leavanny_(Pok%C3%A9mon)"}, {"udex": "#049", "ndex": "#543", "name": "Venipede", "type1": "Bug", "type2": "Poison", "page": "https://bulbapedia.bulbagarden.net/wiki/Venipede_(Pok%C3%A9mon)"}, {"udex": "#050", "ndex": "#544", "name": "Whirlipede", "type1": "Bug", "type2": "Poison", "page": "https://bulbapedia.bulbagarden.net/wiki/Whirlipede_(Pok%C3%A9mon)"}, {"udex": "#051", "ndex": "#545", "name": "Scolipede", "type1": "Bug", "type2": "Poison", "page": "https://bulbapedia.bulbagarden.net/wiki/Scolipede_(Pok%C3%A9mon)"}, {"udex": "#052", "ndex": "#546", "name": "Cottonee", "type1": "Grass", "type2": "Fairy", "page": "https://bulbapedia.bulbagarden.net/wiki/Cottonee_(Pok%C3%A9mon)"}, {"udex": "#053", "ndex": "#547", "name": "Whimsicott", "type1": "Grass", "type2": "Fairy", "page": "https://bulbapedia.bulbagarden.net/wiki/Whimsicott_(Pok%C3%A9mon)"}, {"udex": "#054", "ndex": "#548", "name": "Petilil", "type1": "Grass", "page": "https://bulbapedia.bulbagarden.net/wiki/Petilil_(Pok%C3%A9mon)"}, {"udex": "#055", "ndex": "#549", "name": "Lilligant", "type1": "Grass", "page": "https://bulbapedia.bulbagarden.net/wiki/Lilligant_(Pok%C3%A9mon)"}, {"udex": "#056", "ndex": "#550", "name": "Basculin", "type1": "Water", "page": "https://bulbapedia.bulbagarden.net/wiki/Basculin_(Pok%C3%A9mon)"}, {"udex": "#056", "ndex": "#550", "name": "Basculin", "type1": "Water", "page": "https://bulbapedia.bulbagarden.net/wiki/Basculin_(Pok%C3%A9mon)"}, {"udex": "#057", "ndex": "#551", "name": "Sandile", "type1": "Ground", "type2": "Dark", "page": "https://bulbapedia.bulbagarden.net/wiki/Sandile_(Pok%C3%A9mon)"}, {"udex": "#058", "ndex": "#552", "name": "Krokorok", "type1": "Ground", "type2": "Dark", "page": "https://bulbapedia.bulbagarden.net/wiki/Krokorok_(Pok%C3%A9mon)"}, {"udex": "#059", "ndex": "#553", "name": "Krookodile", "type1": "Ground", "type2": "Dark", "page": "https://bulbapedia.bulbagarden.net/wiki/Krookodile_(Pok%C3%A9mon)"}, {"udex": "#060", "ndex": "#554", "name": "Darumaka", "type1": "Fire", "page": "https://bulbapedia.bulbagarden.net/wiki/Darumaka_(Pok%C3%A9mon)"}, {"udex": "", "ndex": "#554", "name": "Darumaka", "type1": "Ice", "page": "https://bulbapedia.bulbagarden.net/wiki/Darumaka_(Pok%C3%A9mon)"}, {"udex": "#061", "ndex": "#555", "name": "Darmanitan", "type1": "Fire", "page": "https://bulbapedia.bulbagarden.net/wiki/Darmanitan_(Pok%C3%A9mon)"}, {"udex": "#061", "ndex": "#555", "name": "Darmanitan", "type1": "Fire", "type2": "Psychic", "page": "https://bulbapedia.bulbagarden.net/wiki/Darmanitan_(Pok%C3%A9mon)"}, {"udex": "", "ndex": "#555", "name": "Darmanitan", "type1": "Ice", "page": "https://bulbapedia.bulbagarden.net/wiki/Darmanitan_(Pok%C3%A9mon)"}, {"udex": "", "ndex": "#555", "name": "Darmanitan", "type1": "Ice", "type2": "Fire", "page": "https://bulbapedia.bulbagarden.net/wiki/Darmanitan_(Pok%C3%A9mon)"}, {"udex": "#062", "ndex": "#556", "name": "Maractus", "type1": "Grass", "page": "https://bulbapedia.bulbagarden.net/wiki/Maractus_(Pok%C3%A9mon)"}, {"udex": "#063", "ndex": "#557", "name": "Dwebble", "type1": "Bug", "type2": "Rock", "page": "https://bulbapedia.bulbagarden.net/wiki/Dwebble_(Pok%C3%A9mon)"}, {"udex": "#064", "ndex": "#558", "name": "Crustle", "type1": "Bug", "type2": "Rock", "page": "https://bulbapedia.bulbagarden.net/wiki/Crustle_(Pok%C3%A9mon)"}, {"udex": "#065", "ndex": "#559", "name": "Scraggy", "type1": "Dark", "type2": "Fighting", "page": "https://bulbapedia.bulbagarden.net/wiki/Scraggy_(Pok%C3%A9mon)"}, {"udex": "#066", "ndex": "#560", "name": "Scrafty", "type1": "Dark", "type2": "Fighting", "page": "https://bulbapedia.bulbagarden.net/wiki/Scrafty_(Pok%C3%A9mon)"}, {"udex": "#067", "ndex": "#561", "name": "Sigilyph", "type1": "Psychic", "type2": "Flying", "page": "https://bulbapedia.bulbagarden.net/wiki/Sigilyph_(Pok%C3%A9mon)"}, {"udex": "#068", "ndex": "#562", "name": "Yamask", "type1": "Ghost", "page": "https://bulbapedia.bulbagarden.net/wiki/Yamask_(Pok%C3%A9mon)"}, {"udex": "", "ndex": "#562", "name": "Yamask", "type1": "Ground", "type2": "Ghost", "page": "https://bulbapedia.bulbagarden.net/wiki/Yamask_(Pok%C3%A9mon)"}, {"udex": "#069", "ndex": "#563", "name": "Cofagrigus", "type1": "Ghost", "page": "https://bulbapedia.bulbagarden.net/wiki/Cofagrigus_(Pok%C3%A9mon)"}, {"udex": "#070", "ndex": "#564", "name": "Tirtouga", "type1": "Water", "type2": "Rock", "page": "https://bulbapedia.bulbagarden.net/wiki/Tirtouga_(Pok%C3%A9mon)"}, {"udex": "#071", "ndex": "#565", "name": "Carracosta", "type1": "Water", "type2": "Rock", "page": "https://bulbapedia.bulbagarden.net/wiki/Carracosta_(Pok%C3%A9mon)"}, {"udex": "#072", "ndex": "#566", "name": "Archen", "type1": "Rock", "type2": "Flying", "page": "https://bulbapedia.bulbagarden.net/wiki/Archen_(Pok%C3%A9mon)"}, {"udex": "#073", "ndex": "#567", "name": "Archeops", "type1": "Rock", "type2": "Flying", "page": "https://bulbapedia.bulbagarden.net/wiki/Archeops_(Pok%C3%A9mon)"}, {"udex": "#074", "ndex": "#568", "name": "Trubbish", "type1": "Poison", "page": "https://bulbapedia.bulbagarden.net/wiki/Trubbish_(Pok%C3%A9mon)"}, {"udex": "#075", "ndex": "#569", "name": "Garbodor", "type1": "Poison", "page": "https://bulbapedia.bulbagarden.net/wiki/Garbodor_(Pok%C3%A9mon)"}, {"udex": "#076", "ndex": "#570", "name": "Zorua", "type1": "Dark", "page": "https://bulbapedia.bulbagarden.net/wiki/Zorua_(Pok%C3%A9mon)"}, {"udex": "#077", "ndex": "#571", "name": "Zoroark", "type1": "Dark", "page": "https://bulbapedia.bulbagarden.net/wiki/Zoroark_(Pok%C3%A9mon)"}, {"udex": "#078", "ndex": "#572", "name": "Minccino", "type1": "Normal", "page": "https://bulbapedia.bulbagarden.net/wiki/Minccino_(Pok%C3%A9mon)"}, {"udex": "#079", "ndex": "#573", "name": "Cinccino", "type1": "Normal", "page": "https://bulbapedia.bulbagarden.net/wiki/Cinccino_(Pok%C3%A9mon)"}, {"udex": "#080", "ndex": "#574", "name": "Gothita", "type1": "Psychic", "page": "https://bulbapedia.bulbagarden.net/wiki/Gothita_(Pok%C3%A9mon)"}, {"udex": "#081", "ndex": "#575", "name": "Gothorita", "type1": "Psychic", "page": "https://bulbapedia.bulbagarden.net/wiki/Gothorita_(Pok%C3%A9mon)"}, {"udex": "#082", "ndex": "#576", "name": "Gothitelle", "type1": "Psychic", "page": "https://bulbapedia.bulbagarden.net/wiki/Gothitelle_(Pok%C3%A9mon)"}, {"udex": "#083", "ndex": "#577", "name": "Solosis", "type1": "Psychic", "page": "https://bulbapedia.bulbagarden.net/wiki/Solosis_(Pok%C3%A9mon)"}, {"udex": "#084", "ndex": "#578", "name": "Duosion", "type1": "Psychic", "page": "https://bulbapedia.bulbagarden.net/wiki/Duosion_(Pok%C3%A9mon)"}, {"udex": "#085", "ndex": "#579", "name": "Reuniclus", "type1": "Psychic", "page": "https://bulbapedia.bulbagarden.net/wiki/Reuniclus_(Pok%C3%A9mon)"}, {"udex": "#086", "ndex": "#580", "name": "Ducklett", "type1": "Water", "type2": "Flying", "page": "https://bulbapedia.bulbagarden.net/wiki/Ducklett_(Pok%C3%A9mon)"}, {"udex": "#087", "ndex": "#581", "name": "Swanna", "type1": "Water", "type2": "Flying", "page": "https://bulbapedia.bulbagarden.net/wiki/Swanna_(Pok%C3%A9mon)"}, {"udex": "#088", "ndex": "#582", "name": "Vanillite", "type1": "Ice", "page": "https://bulbapedia.bulbagarden.net/wiki/Vanillite_(Pok%C3%A9mon)"}, {"udex": "#089", "ndex": "#583", "name": "Vanillish", "type1": "Ice", "page": "https://bulbapedia.bulbagarden.net/wiki/Vanillish_(Pok%C3%A9mon)"}, {"udex": "#090", "ndex": "#584", "name": "Vanilluxe", "type1": "Ice", "page": "https://bulbapedia.bulbagarden.net/wiki/Vanilluxe_(Pok%C3%A9mon)"}, {"udex": "#091", "ndex": "#585", "name": "Deerling", "type1": "Normal", "type2": "Grass", "page": "https://bulbapedia.bulbagarden.net/wiki/Deerling_(Pok%C3%A9mon)"}, {"udex": "#092", "ndex": "#586", "name": "Sawsbuck", "type1": "Normal", "type2": "Grass", "page": "https://bulbapedia.bulbagarden.net/wiki/Sawsbuck_(Pok%C3%A9mon)"}, {"udex": "#093", "ndex": "#587", "name": "Emolga", "type1": "Electric", "type2": "Flying", "page": "https://bulbapedia.bulbagarden.net/wiki/Emolga_(Pok%C3%A9mon)"}, {"udex": "#094", "ndex": "#588", "name": "Karrablast", "type1": "Bug", "page": "https://bulbapedia.bulbagarden.net/wiki/Karrablast_(Pok%C3%A9mon)"}, {"udex": "#095", "ndex": "#589", "name": "Escavalier", "type1": "Bug", "type2": "Steel", "page": "https://bulbapedia.bulbagarden.net/wiki/Escavalier_(Pok%C3%A9mon)"}, {"udex": "#096", "ndex": "#590", "name": "Foongus", "type1": "Grass", "type2": "Poison", "page": "https://bulbapedia.bulbagarden.net/wiki/Foongus_(Pok%C3%A9mon)"}, {"udex": "#097", "ndex": "#591", "name": "Amoonguss", "type1": "Grass", "type2": "Poison", "page": "https://bulbapedia.bulbagarden.net/wiki/Amoonguss_(Pok%C3%A9mon)"}, {"udex": "#098", "ndex": "#592", "name": "Frillish", "type1": "Water", "type2": "Ghost", "page": "https://bulbapedia.bulbagarden.net/wiki/Frillish_(Pok%C3%A9mon)"}, {"udex": "#098", "ndex": "#592", "name": "Frillish", "type1": "Water", "type2": "Ghost", "page": "https://bulbapedia.bulbagarden.net/wiki/Frillish_(Pok%C3%A9mon)"}, {"udex": "#099", "ndex": "#593", "name": "Jellicent", "type1": "Water", "type2": "Ghost", "page": "https://bulbapedia.bulbagarden.net/wiki/Jellicent_(Pok%C3%A9mon)"}, {"udex": "#099", "ndex": "#593", "name": "Jellicent", "type1": "Water", "type2": "Ghost", "page": "https://bulbapedia.bulbagarden.net/wiki/Jellicent_(Pok%C3%A9mon)"}, {"udex": "#100", "ndex": "#594", "name": "Alomomola", "type1": "Water", "page": "https://bulbapedia.bulbagarden.net/wiki/Alomomola_(Pok%C3%A9mon)"}, {"udex": "#101", "ndex": "#595", "name": "Joltik", "type1": "Bug", "type2": "Electric", "page": "https://bulbapedia.bulbagarden.net/wiki/Joltik_(Pok%C3%A9mon)"}, {"udex": "#102", "ndex": "#596", "name": "Galvantula", "type1": "Bug", "type2": "Electric", "page": "https://bulbapedia.bulbagarden.net/wiki/Galvantula_(Pok%C3%A9mon)"}, {"udex": "#103", "ndex": "#597", "name": "Ferroseed", "type1": "Grass", "type2": "Steel", "page": "https://bulbapedia.bulbagarden.net/wiki/Ferroseed_(Pok%C3%A9mon)"}, {"udex": "#104", "ndex": "#598", "name": "Ferrothorn", "type1": "Grass", "type2": "Steel", "page": "https://bulbapedia.bulbagarden.net/wiki/Ferrothorn_(Pok%C3%A9mon)"}, {"udex": "#105", "ndex": "#599", "name": "Klink", "type1": "Steel", "page": "https://bulbapedia.bulbagarden.net/wiki/Klink_(Pok%C3%A9mon)"}, {"udex": "#106", "ndex": "#600", "name": "Klang", "type1": "Steel", "page": "https://bulbapedia.bulbagarden.net/wiki/Klang_(Pok%C3%A9mon)"}, {"udex": "#107", "ndex": "#601", "name": "Klinklang", "type1": "Steel", "page": "https://bulbapedia.bulbagarden.net/wiki/Klinklang_(Pok%C3%A9mon)"}, {"udex": "#108", "ndex": "#602", "name": "Tynamo", "type1": "Electric", "page": "https://bulbapedia.bulbagarden.net/wiki/Tynamo_(Pok%C3%A9mon)"}, {"udex": "#109", "ndex": "#603", "name": "Eelektrik", "type1": "Electric", "page": "https://bulbapedia.bulbagarden.net/wiki/Eelektrik_(Pok%C3%A9mon)"}, {"udex": "#110", "ndex": "#604", "name": "Eelektross", "type1": "Electric", "page": "https://bulbapedia.bulbagarden.net/wiki/Eelektross_(Pok%C3%A9mon)"}, {"udex": "#111", "ndex": "#605", "name": "Elgyem", "type1": "Psychic", "page": "https://bulbapedia.bulbagarden.net/wiki/Elgyem_(Pok%C3%A9mon)"}, {"udex": "#112", "ndex": "#606", "name": "Beheeyem", "type1": "Psychic", "page": "https://bulbapedia.bulbagarden.net/wiki/Beheeyem_(Pok%C3%A9mon)"}, {"udex": "#113", "ndex": "#607", "name": "Litwick", "type1": "Ghost", "type2": "Fire", "page": "https://bulbapedia.bulbagarden.net/wiki/Litwick_(Pok%C3%A9mon)"}, {"udex": "#114", "ndex": "#608", "name": "Lampent", "type1": "Ghost", "type2": "Fire", "page": "https://bulbapedia.bulbagarden.net/wiki/Lampent_(Pok%C3%A9mon)"}, {"udex": "#115", "ndex": "#609", "name": "Chandelure", "type1": "Ghost", "type2": "Fire", "page": "https://bulbapedia.bulbagarden.net/wiki/Chandelure_(Pok%C3%A9mon)"}, {"udex": "#116", "ndex": "#610", "name": "Axew", "type1": "Dragon", "page": "https://bulbapedia.bulbagarden.net/wiki/Axew_(Pok%C3%A9mon)"}, {"udex": "#117", "ndex": "#611", "name": "Fraxure", "type1": "Dragon", "page": "https://bulbapedia.bulbagarden.net/wiki/Fraxure_(Pok%C3%A9mon)"}, {"udex": "#118", "ndex": "#612", "name": "Haxorus", "type1": "Dragon", "page": "https://bulbapedia.bulbagarden.net/wiki/Haxorus_(Pok%C3%A9mon)"}, {"udex": "#119", "ndex": "#613", "name": "Cubchoo", "type1": "Ice", "page": "https://bulbapedia.bulbagarden.net/wiki/Cubchoo_(Pok%C3%A9mon)"}, {"udex": "#120", "ndex": "#614", "name": "Beartic", "type1": "Ice", "page": "https://bulbapedia.bulbagarden.net/wiki/Beartic_(Pok%C3%A9mon)"}, {"udex": "#121", "ndex": "#615", "name": "Cryogonal", "type1": "Ice", "page": "https://bulbapedia.bulbagarden.net/wiki/Cryogonal_(Pok%C3%A9mon)"}, {"udex": "#122", "ndex": "#616", "name": "Shelmet", "type1": "Bug", "page": "https://bulbapedia.bulbagarden.net/wiki/Shelmet_(Pok%C3%A9mon)"}, {"udex": "#123", "ndex": "#617", "name": "Accelgor", "type1": "Bug", "page": "https://bulbapedia.bulbagarden.net/wiki/Accelgor_(Pok%C3%A9mon)"}, {"udex": "#124", "ndex": "#618", "name": "Stunfisk", "type1": "Ground", "type2": "Electric", "page": "https://bulbapedia.bulbagarden.net/wiki/Stunfisk_(Pok%C3%A9mon)"}, {"udex": "", "ndex": "#618", "name": "Stunfisk", "type1": "Ground", "type2": "Steel", "page": "https://bulbapedia.bulbagarden.net/wiki/Stunfisk_(Pok%C3%A9mon)"}, {"udex": "#125", "ndex": "#619", "name": "Mienfoo", "type1": "Fighting", "page": "https://bulbapedia.bulbagarden.net/wiki/Mienfoo_(Pok%C3%A9mon)"}, {"udex": "#126", "ndex": "#620", "name": "Mienshao", "type1": "Fighting", "page": "https://bulbapedia.bulbagarden.net/wiki/Mienshao_(Pok%C3%A9mon)"}, {"udex": "#127", "ndex": "#621", "name": "Druddigon", "type1": "Dragon", "page": "https://bulbapedia.bulbagarden.net/wiki/Druddigon_(Pok%C3%A9mon)"}, {"udex": "#128", "ndex": "#622", "name": "Golett", "type1": "Ground", "type2": "Ghost", "page": "https://bulbapedia.bulbagarden.net/wiki/Golett_(Pok%C3%A9mon)"}, {"udex": "#129", "ndex": "#623", "name": "Golurk", "type1": "Ground", "type2": "Ghost", "page": "https://bulbapedia.bulbagarden.net/wiki/Golurk_(Pok%C3%A9mon)"}, {"udex": "#130", "ndex": "#624", "name": "Pawniard", "type1": "Dark", "type2": "Steel", "page": "https://bulbapedia.bulbagarden.net/wiki/Pawniard_(Pok%C3%A9mon)"}, {"udex": "#131", "ndex": "#625", "name": "Bisharp", "type1": "Dark", "type2": "Steel", "page": "https://bulbapedia.bulbagarden.net/wiki/Bisharp_(Pok%C3%A9mon)"}, {"udex": "#132", "ndex": "#626", "name": "Bouffalant", "type1": "Normal", "page": "https://bulbapedia.bulbagarden.net/wiki/Bouffalant_(Pok%C3%A9mon)"}, {"udex": "#133", "ndex": "#627", "name": "Rufflet", "type1": "Normal", "type2": "Flying", "page": "https://bulbapedia.bulbagarden.net/wiki/Rufflet_(Pok%C3%A9mon)"}, {"udex": "#134", "ndex": "#628", "name": "Braviary", "type1": "Normal", "type2": "Flying", "page": "https://bulbapedia.bulbagarden.net/wiki/Braviary_(Pok%C3%A9mon)"}, {"udex": "#135", "ndex": "#629", "name": "Vullaby", "type1": "Dark", "type2": "Flying", "page": "https://bulbapedia.bulbagarden.net/wiki/Vullaby_(Pok%C3%A9mon)"}, {"udex": "#136", "ndex": "#630", "name": "Mandibuzz", "type1": "Dark", "type2": "Flying", "page": "https://bulbapedia.bulbagarden.net/wiki/Mandibuzz_(Pok%C3%A9mon)"}, {"udex": "#137", "ndex": "#631", "name": "Heatmor", "type1": "Fire", "page": "https://bulbapedia.bulbagarden.net/wiki/Heatmor_(Pok%C3%A9mon)"}, {"udex": "#138", "ndex": "#632", "name": "Durant", "type1": "Bug", "type2": "Steel", "page": "https://bulbapedia.bulbagarden.net/wiki/Durant_(Pok%C3%A9mon)"}, {"udex": "#139", "ndex": "#633", "name": "Deino", "type1": "Dark", "type2": "Dragon", "page": "https://bulbapedia.bulbagarden.net/wiki/Deino_(Pok%C3%A9mon)"}, {"udex": "#140", "ndex": "#634", "name": "Zweilous", "type1": "Dark", "type2": "Dragon", "page": "https://bulbapedia.bulbagarden.net/wiki/Zweilous_(Pok%C3%A9mon)"}, {"udex": "#141", "ndex": "#635", "name": "Hydreigon", "type1": "Dark", "type2": "Dragon", "page": "https://bulbapedia.bulbagarden.net/wiki/Hydreigon_(Pok%C3%A9mon)"}, {"udex": "#142", "ndex": "#636", "name": "Larvesta", "type1": "Bug", "type2": "Fire", "page": "https://bulbapedia.bulbagarden.net/wiki/Larvesta_(Pok%C3%A9mon)"}, {"udex": "#143", "ndex": "#637", "name": "Volcarona", "type1": "Bug", "type2": "Fire", "page": "https://bulbapedia.bulbagarden.net/wiki/Volcarona_(Pok%C3%A9mon)"}, {"udex": "#144", "ndex": "#638", "name": "Cobalion", "type1": "Steel", "type2": "Fighting", "page": "https://bulbapedia.bulbagarden.net/wiki/Cobalion_(Pok%C3%A9mon)"}, {"udex": "#145", "ndex": "#639", "name": "Terrakion", "type1": "Rock", "type2": "Fighting", "page": "https://bulbapedia.bulbagarden.net/wiki/Terrakion_(Pok%C3%A9mon)"}, {"udex": "#146", "ndex": "#640", "name": "Virizion", "type1": "Grass", "type2": "Fighting", "page": "https://bulbapedia.bulbagarden.net/wiki/Virizion_(Pok%C3%A9mon)"}, {"udex": "#147", "ndex": "#641", "name": "Tornadus", "type1": "Flying", "page": "https://bulbapedia.bulbagarden.net/wiki/Tornadus_(Pok%C3%A9mon)"}, {"udex": "#148", "ndex": "#642", "name": "Thundurus", "type1": "Electric", "type2": "Flying", "page": "https://bulbapedia.bulbagarden.net/wiki/Thundurus_(Pok%C3%A9mon)"}, {"udex": "#149", "ndex": "#643", "name": "Reshiram", "type1": "Dragon", "type2": "Fire", "page": "https://bulbapedia.bulbagarden.net/wiki/Reshiram_(Pok%C3%A9mon)"}, {"udex": "#150", "ndex": "#644", "name": "Zekrom", "type1": "Dragon", "type2": "Electric", "page": "https://bulbapedia.bulbagarden.net/wiki/Zekrom_(Pok%C3%A9mon)"}, {"udex": "#151", "ndex": "#645", "name": "Landorus", "type1": "Ground", "type2": "Flying", "page": "https://bulbapedia.bulbagarden.net/wiki/Landorus_(Pok%C3%A9mon)"}, {"udex": "#152", "ndex": "#646", "name": "Kyurem", "type1": "Dragon", "type2": "Ice", "page": "https://bulbapedia.bulbagarden.net/wiki/Kyurem_(Pok%C3%A9mon)"}, {"udex": "#153", "ndex": "#647", "name": "Keldeo", "type1": "Water", "type2": "Fighting", "page": "https://bulbapedia.bulbagarden.net/wiki/Keldeo_(Pok%C3%A9mon)"}, {"udex": "#154", "ndex": "#648", "name": "Meloetta", "type1": "Normal", "type2": "Psychic", "page": "https://bulbapedia.bulbagarden.net/wiki/Meloetta_(Pok%C3%A9mon)"}, {"udex": "#154", "ndex": "#648", "name": "Meloetta", "type1": "Normal", "type2": "Fighting", "page": "https://bulbapedia.bulbagarden.net/wiki/Meloetta_(Pok%C3%A9mon)"}, {"udex": "#155", "ndex": "#649", "name": "Genesect", "type1": "Bug", "type2": "Steel", "page": "https://bulbapedia.bulbagarden.net/wiki/Genesect_(Pok%C3%A9mon)"}]