[{"kdex": "#001Ce", "ndex": "#650", "name": "Chespin", "type1": "Grass", "page": "https://bulbapedia.bulbagarden.net/wiki/Chespin_(Pok%C3%A9mon)"}, {"kdex": "#002Ce", "ndex": "#651", "name": "Quilladin", "type1": "Grass", "page": "https://bulbapedia.bulbagarden.net/wiki/Quilladin_(Pok%C3%A9mon)"}, {"kdex": "#003Ce", "ndex": "#652", "name": "Chesnaught", "type1": "Grass", "type2": "Fighting", "page": "https://bulbapedia.bulbagarden.net/wiki/Chesnaught_(Pok%C3%A9mon)"}, {"kdex": "#004Ce", "ndex": "#653", "name": "Fennekin", "type1": "Fire", "page": "https://bulbapedia.bulbagarden.net/wiki/Fennekin_(Pok%C3%A9mon)"}, {"kdex": "#005Ce", "ndex": "#654", "name": "Braixen", "type1": "Fire", "page": "https://bulbapedia.bulbagarden.net/wiki/Braixen_(Pok%C3%A9mon)"}, {"kdex": "#006Ce", "ndex": "#655", "name": "Delphox", "type1": "Fire", "type2": "Psychic", "page": "https://bulbapedia.bulbagarden.net/wiki/Delphox_(Pok%C3%A9mon)"}, {"kdex": "#007Ce", "ndex": "#656", "name": "Froakie", "type1": "Water", "page": "https://bulbapedia.bulbagarden.net/wiki/Froakie_(Pok%C3%A9mon)"}, {"kdex": "#008Ce", "ndex": "#657", "name": "Frogadier", "type1": "Water", "page": "https://bulbapedia.bulbagarden.net/wiki/Frogadier_(Pok%C3%A9mon)"}, {"kdex": "#009Ce", "ndex": "#658", "name": "Greninja", "type1": "Water", "type2": "Dark", "page": "https://bulbapedia.bulbagarden.net/wiki/Greninja_(Pok%C3%A9mon)"}, {"kdex": "#010Ce", "ndex": "#659", "name": "Bunnelby", "type1": "Normal", "page": "https://bulbapedia.bulbagarden.net/wiki/Bunnelby_(Pok%C3%A9mon)"}, {"kdex": "#011Ce", "ndex": "#660", "name": "Diggersby", "type1": "Normal", "type2": "Ground", "page": "https://bulbapedia.bulbagarden.net/wiki/Diggersby_(Pok%C3%A9mon)"}, {"kdex": "#014Ce", "ndex": "#661", "name": "Fletchling", "type1": "Normal", "type2": "Flying", "page": "https://bulbapedia.bulbagarden.net/wiki/Fletchling_(Pok%C3%A9mon)"}, {"kdex": "#015Ce", "ndex": "#662", "name": "Fletchinder", "type1": "Fire", "type2": "Flying", "page": "https://bulbapedia.bulbagarden.net/wiki/Fletchinder_(Pok%C3%A9mon)"}, {"kdex": "#016Ce", "ndex": "#663", "name": "Talonflame", "type1": "Fire", "type2": "Flying", "page": "https://bulbapedia.bulbagarden.net/wiki/Talonflame_(Pok%C3%A9mon)"}, {"kdex": "#020Ce", "ndex": "#664", "name": "Scatterbug", "type1": "Bug", "page": "https://bulbapedia.bulbagarden.net/wiki/Scatterbug_(Pok%C3%A9mon)"}, {"kdex": "#021Ce", "ndex": "#665", "name": "Spewpa", "type1": "Bug", "page": "https://bulbapedia.bulbagarden.net/wiki/Spewpa_(Pok%C3%A9mon)"}, {"kdex": "#022Ce", "ndex": "#666", "name": "Vivillon", "type1": "Bug", "type2": "Flying", "page": "https://bulbapedia.bulbagarden.net/wiki/Vivillon_(Pok%C3%A9mon)"}, {"kdex": "#057Ce", "ndex": "#667", "name": "Litleo", "type1": "Fire", "type2": "Normal", "page": "https://bulbapedia.bulbagarden.net/wiki/Litleo_(Pok%C3%A9mon)"}, {"kdex": "#058Ce", "ndex": "#668", "name": "Pyroar", "type1": "Fire", "type2": "Normal", "page": "https://bulbapedia.bulbagarden.net/wiki/Pyroar_(Pok%C3%A9mon)"}, {"kdex": "#068Ce", "ndex": "#669", "name": "Flab\u00e9b\u00e9", "type1": "Fairy", "page": "https://bulbapedia.bulbagarden.net/wiki/Flab\u00e9b\u00e9_(Pok%C3%A9mon)"}, {"kdex": "#069Ce", "ndex": "#670", "name": "Floette", "type1": "Fairy", "page": "https://bulbapedia.bulbagarden.net/wiki/Floette_(Pok%C3%A9mon)"}, {"kdex": "#070Ce", "ndex": "#671", "name": "Florges", "type1": "Fairy", "page": "https://bulbapedia.bulbagarden.net/wiki/Florges_(Pok%C3%A9mon)"}, {"kdex": "#089Ce", "ndex": "#672", "name": "Skiddo", "type1": "Grass", "page": "https://bulbapedia.bulbagarden.net/wiki/Skiddo_(Pok%C3%A9mon)"}, {"kdex": "#090Ce", "ndex": "#673", "name": "Gogoat", "type1": "Grass", "page": "https://bulbapedia.bulbagarden.net/wiki/Gogoat_(Pok%C3%A9mon)"}, {"kdex": "#091Ce", "ndex": "#674", "name": "Pancham", "type1": "Fighting", "page": "https://bulbapedia.bulbagarden.net/wiki/Pancham_(Pok%C3%A9mon)"}, {"kdex": "#092Ce", "ndex": "#675", "name": "Pangoro", "type1": "Fighting", "type2": "Dark", "page": "https://bulbapedia.bulbagarden.net/wiki/Pangoro_(Pok%C3%A9mon)"}, {"kdex": "#093Ce", "ndex": "#676", "name": "Furfrou", "type1": "Normal", "page": "https://bulbapedia.bulbagarden.net/wiki/Furfrou_(Pok%C3%A9mon)"}, {"kdex": "#114Ce", "ndex": "#677", "name": "Espurr", "type1": "Psychic", "page": "https://bulbapedia.bulbagarden.net/wiki/Espurr_(Pok%C3%A9mon)"}, {"kdex": "#115Ce", "ndex": "#678", "name": "Meowstic", "type1": "Psychic", "page": "https://bulbapedia.bulbagarden.net/wiki/Meowstic_(Pok%C3%A9mon)"}, {"kdex": "#117Ce", "ndex": "#679", "name": "Honedge", "type1": "Steel", "type2": "Ghost", "page": "https://bulbapedia.bulbagarden.net/wiki/Honedge_(Pok%C3%A9mon)"}, {"kdex": "#118Ce", "ndex": "#680", "name": "Doublade", "type1": "Steel", "type2": "Ghost", "page": "https://bulbapedia.bulbagarden.net/wiki/Doublade_(Pok%C3%A9mon)"}, {"kdex": "#119Ce", "ndex": "#681", "name": "Aegislash", "type1": "Steel", "type2": "Ghost", "page": "https://bulbapedia.bulbagarden.net/wiki/Aegislash_(Pok%C3%A9mon)"}, {"kdex": "#129Ce", "ndex": "#682", "name": "Spritzee", "type1": "Fairy", "page": "https://bulbapedia.bulbagarden.net/wiki/Spritzee_(Pok%C3%A9mon)"}, {"kdex": "#130Ce", "ndex": "#683", "name": "Aromatisse", "type1": "Fairy", "page": "https://bulbapedia.bulbagarden.net/wiki/Aromatisse_(Pok%C3%A9mon)"}, {"kdex": "#131Ce", "ndex": "#684", "name": "Swirlix", "type1": "Fairy", "page": "https://bulbapedia.bulbagarden.net/wiki/Swirlix_(Pok%C3%A9mon)"}, {"kdex": "#132Ce", "ndex": "#685", "name": "Slurpuff", "type1": "Fairy", "page": "https://bulbapedia.bulbagarden.net/wiki/Slurpuff_(Pok%C3%A9mon)"}, {"kdex": "#010Co", "ndex": "#686", "name": "Inkay", "type1": "Dark", "type2": "Psychic", "page": "https://bulbapedia.bulbagarden.net/wiki/Inkay_(Pok%C3%A9mon)"}, {"kdex": "#011Co", "ndex": "#687", "name": "Malamar", "type1": "Dark", "type2": "Psychic", "page": "https://bulbapedia.bulbagarden.net/wiki/Malamar_(Pok%C3%A9mon)"}, {"kdex": "#021Co", "ndex": "#688", "name": "Binacle", "type1": "Rock", "type2": "Water", "page": "https://bulbapedia.bulbagarden.net/wiki/Binacle_(Pok%C3%A9mon)"}, {"kdex": "#022Co", "ndex": "#689", "name": "Barbaracle", "type1": "Rock", "type2": "Water", "page": "https://bulbapedia.bulbagarden.net/wiki/Barbaracle_(Pok%C3%A9mon)"}, {"kdex": "#030Co", "ndex": "#690", "name": "Skrelp", "type1": "Poison", "type2": "Water", "page": "https://bulbapedia.bulbagarden.net/wiki/Skrelp_(Pok%C3%A9mon)"}, {"kdex": "#031Co", "ndex": "#691", "name": "Dragalge", "type1": "Poison", "type2": "Dragon", "page": "https://bulbapedia.bulbagarden.net/wiki/Dragalge_(Pok%C3%A9mon)"}, {"kdex": "#032Co", "ndex": "#692", "name": "Clauncher", "type1": "Water", "page": "https://bulbapedia.bulbagarden.net/wiki/Clauncher_(Pok%C3%A9mon)"}, {"kdex": "#033Co", "ndex": "#693", "name": "Clawitzer", "type1": "Water", "page": "https://bulbapedia.bulbagarden.net/wiki/Clawitzer_(Pok%C3%A9mon)"}, {"kdex": "#046Co", "ndex": "#694", "name": "Helioptile", "type1": "Electric", "type2": "Normal", "page": "https://bulbapedia.bulbagarden.net/wiki/Helioptile_(Pok%C3%A9mon)"}, {"kdex": "#047Co", "ndex": "#695", "name": "Heliolisk", "type1": "Electric", "type2": "Normal", "page": "https://bulbapedia.bulbagarden.net/wiki/Heliolisk_(Pok%C3%A9mon)"}, {"kdex": "#064Co", "ndex": "#696", "name": "Tyrunt", "type1": "Rock", "type2": "Dragon", "page": "https://bulbapedia.bulbagarden.net/wiki/Tyrunt_(Pok%C3%A9mon)"}, {"kdex": "#065Co", "ndex": "#697", "name": "Tyrantrum", "type1": "Rock", "type2": "Dragon", "page": "https://bulbapedia.bulbagarden.net/wiki/Tyrantrum_(Pok%C3%A9mon)"}, {"kdex": "#066Co", "ndex": "#698", "name": "Amaura", "type1": "Rock", "type2": "Ice", "page": "https://bulbapedia.bulbagarden.net/wiki/Amaura_(Pok%C3%A9mon)"}, {"kdex": "#067Co", "ndex": "#699", "name": "Aurorus", "type1": "Rock", "type2": "Ice", "page": "https://bulbapedia.bulbagarden.net/wiki/Aurorus_(Pok%C3%A9mon)"}, {"kdex": "#085Co", "ndex": "#700", "name": "Sylveon", "type1": "Fairy", "page": "https://bulbapedia.bulbagarden.net/wiki/Sylveon_(Pok%C3%A9mon)"}, {"kdex": "#089Co", "ndex": "#701", "name": "Hawlucha", "type1": "Fighting", "type2": "Flying", "page": "https://bulbapedia.bulbagarden.net/wiki/Hawlucha_(Pok%C3%A9mon)"}, {"kdex": "#110Co", "ndex": "#702", "name": "Dedenne", "type1": "Electric", "type2": "Fairy", "page": "https://bulbapedia.bulbagarden.net/wiki/Dedenne_(Pok%C3%A9mon)"}, {"kdex": "#124Co", "ndex": "#703", "name": "Carbink", "type1": "Rock", "type2": "Fairy", "page": "https://bulbapedia.bulbagarden.net/wiki/Carbink_(Pok%C3%A9mon)"}, {"kdex": "#019Mo", "ndex": "#704", "name": "Goomy", "type1": "Dragon", "page": "https://bulbapedia.bulbagarden.net/wiki/Goomy_(Pok%C3%A9mon)"}, {"kdex": "#020Mo", "ndex": "#705", "name": "Sliggoo", "type1": "Dragon", "page": "https://bulbapedia.bulbagarden.net/wiki/Sliggoo_(Pok%C3%A9mon)"}, {"kdex": "#021Mo", "ndex": "#706", "name": "Goodra", "type1": "Dragon", "page": "https://bulbapedia.bulbagarden.net/wiki/Goodra_(Pok%C3%A9mon)"}, {"kdex": "#050Mo", "ndex": "#707", "name": "Klefki", "type1": "Steel", "type2": "Fairy", "page": "https://bulbapedia.bulbagarden.net/wiki/Klefki_(Pok%C3%A9mon)"}, {"kdex": "#061Mo", "ndex": "#708", "name": "Phantump", "type1": "Ghost", "type2": "Grass", "page": "https://bulbapedia.bulbagarden.net/wiki/Phantump_(Pok%C3%A9mon)"}, {"kdex": "#062Mo", "ndex": "#709", "name": "Trevenant", "type1": "Ghost", "type2": "Grass", "page": "https://bulbapedia.bulbagarden.net/wiki/Trevenant_(Pok%C3%A9mon)"}, {"kdex": "#063Mo", "ndex": "#710", "name": "Pumpkaboo", "type1": "Ghost", "type2": "Grass", "page": "https://bulbapedia.bulbagarden.net/wiki/Pumpkaboo_(Pok%C3%A9mon)"}, {"kdex": "#064Mo", "ndex": "#711", "name": "Gourgeist", "type1": "Ghost", "type2": "Grass", "page": "https://bulbapedia.bulbagarden.net/wiki/Gourgeist_(Pok%C3%A9mon)"}, {"kdex": "#079Mo", "ndex": "#712", "name": "Bergmite", "type1": "Ice", "page": "https://bulbapedia.bulbagarden.net/wiki/Bergmite_(Pok%C3%A9mon)"}, {"kdex": "#080Mo", "ndex": "#713", "name": "Avalugg", "type1": "Ice", "page": "https://bulbapedia.bulbagarden.net/wiki/Avalugg_(Pok%C3%A9mon)"}, {"kdex": "#113Mo", "ndex": "#714", "name": "Noibat", "type1": "Flying", "type2": "Dragon", "page": "https://bulbapedia.bulbagarden.net/wiki/Noibat_(Pok%C3%A9mon)"}, {"kdex": "#114Mo", "ndex": "#715", "name": "Noivern", "type1": "Flying", "type2": "Dragon", "page": "https://bulbapedia.bulbagarden.net/wiki/Noivern_(Pok%C3%A9mon)"}, {"kdex": "#148Mo", "ndex": "#716", "name": "Xerneas", "type1": "Fairy", "page": "https://bulbapedia.bulbagarden.net/wiki/Xerneas_(Pok%C3%A9mon)"}, {"kdex": "#149Mo", "ndex": "#717", "name": "Yveltal", "type1": "Dark", "type2": "Flying", "page": "https://bulbapedia.bulbagarden.net/wiki/Yveltal_(Pok%C3%A9mon)"}, {"kdex": "#150Mo", "ndex": "#718", "name": "Zygarde", "type1": "Dragon", "type2": "Ground", "page": "https://bulbapedia.bulbagarden.net/wiki/Zygarde_(Pok%C3%A9mon)"}, {"kdex": "#151Ce", "ndex": "#719", "name": "Diancie", "type1": "Rock", "type2": "Fairy", "page": "https://bulbapedia.bulbagarden.net/wiki/Diancie_(Pok%C3%A9mon)"}, {"kdex": "#152Ce", "ndex": "#720", "name": "Hoopa", "type1": "Psychic", "type2": "Ghost", "page": "https://bulbapedia.bulbagarden.net/wiki/Hoopa_(Pok%C3%A9mon)"}, {"kdex": "#152Ce", "ndex": "#720", "name": "Hoopa", "type1": "Psychic", "type2": "Dark", "page": "https://bulbapedia.bulbagarden.net/wiki/Hoopa_(Pok%C3%A9mon)"}, {"kdex": "#153Ce", "ndex": "#721", "name": "Volcanion", "type1": "Fire", "type2": "Water", "page": "https://bulbapedia.bulbagarden.net/wiki/Volcanion_(Pok%C3%A9mon)"}]